id,product,certification,origin,uses,instructions_for_use,preserving_instruction,expiry
81,81,Chứng nhận hữu cơ tiêu chuẩn NASSA,Sản phẩm được đóng gói tại Malaysia,"Mè đen hữu cơ, còn gọi vừng đen, cung cấp vitamin E, vitamin B, kẽm, selen, đồng, sắt và canxi tốt cho hệ thống miễn dịch. Mè đen chứa ít carbs, giàu protein và chất béo lành mạnh nên có tác dụng hỗ trợ kiểm soát lượng đường trong máu, giúp da mịn màng, giảm viêm, hỗ trợ hình thành tế bào máu...","Rắc lên các món salad, mì, cơm nắm, sushi, xiên que. Thêm vào bột làm bánh mì, bánh quy, muffin. Làm chè mè đen hay nhân mè đen, sữa mè đen, nấu cháo mè đen gạo lứt","Rắc lên các món salad, mì, cơm nắm, sushi, xiên que. Thêm vào bột làm bánh mì, bánh quy, muffin. Làm chè mè đen hay nhân mè đen, sữa mè đen, nấu cháo mè đen gạo lứt",In trên bao bì
80,80,Chứng nhận hữu cơ tiêu chuẩn NASSA,Sản phẩm được đóng gói tại Malaysia,"Hạt hạnh nhân hữu cơ Health Paradise có độ giòn và thơm lừng. Hạnh nhân chứa các axit béo không bão hòa đơn lành mạnh và chất chống oxy hóa, giúp hỗ trợ sức khỏe tim mạch và ngăn ngừa các yếu tố của bệnh tim mạch. Ngoài ra, hạnh nhân còn có các khoáng chất dinh dưỡng quan trọng như magiê, đồng, mangan, canxi và kali. Với các chất dinh dưỡng có trong hạnh nhân, loại hạt này được xem là thực phẩm tốt cho não, da, hệ tiêu hóa và xương","Dùng trực tiếp như một món ăn vặt, rắc lên ngũ cốc, salad, nấu sữa, nghiền làm bột hạnh nhân, hoặc làm nguyên liệu nấu ăn, làm bánh...","Bảo quản nơi khô ráo, thoáng mát",In trên bao bì
79,79,Chứng nhận hữu cơ tiêu chuẩn EU và USDA,Sản phẩm được đóng gói tại Việt Nam,"Làm giảm cholesterol xấu: Hạt điều rất giàu chất béo. Đó có thể là lý do mọi người tránh ăn quá nhiều vì nghĩ nó có hại cho sức khỏe. Nhưng chuyên gia dinh dưỡng Neha Chandna (Ấn Độ) nhấn mạnh rằng hạt điều có chất béo tốt như axit béo omega và chất béo không bão hòa như axit oleic, rất tốt cho sức khỏe. Hạt điều cũng giúp giảm cholesterol xấu (LDL) trong cơ thể. “Cơ thể của chúng ta cần nhiều loại dưỡng chất từ các nhóm thức phẩm khác nhau, bao gồm cả chất béo. Để bổ sung nguồn chất béo tốt, bạn nên ăn hạt điều thay các loại thực phẩm chứa chất béo có hại”, chuyên gia này khuyến cáo.
Tăng cường sức khỏe xương, cơ bắp
Ngăn ngừa sâu răng: Hạt điều có chứa axit anacardic được chứng mình là rất hiệu quả trong việc tiêu diệt vi khuẩn gây sâu răng.
Giảm nguy cơ ung thư: Cùng với axit anacardic, hạt điều cũng cung cấp các chất chống oxy hóa như selen và vitamin E, giúp ngăn ngừa quá trình oxy hóa.
Điều chỉnh huyết áp: Hạt điều tự nhiên có một lượng natri thấp, trừ khi bạn ăn điều rang muối. Chúng cũng chứa kali, góp phần điều chỉnh huyết áp.
Phòng ngừa ung thư tốt: Đã có nhiều nghiên cứu cho biết, sử dụng hạt điều có thể làm giảm nguy cơ ung thư ruột kết. Với sự giàu có chất đồng cũng giúp cho hạt điều có thể loại bỏ được các phân tử gốc tự do. Bên cạnh đó, hạt điều còn giàu nguồn hóa học thực vật và các chất chống oxi hóa nên giúp bảo vệ tim cũng như ngừa ung thư","làm sữa, nước sốt hay chế biến nấu ăn
Mẹo: Cho hạt điều lên chảo, rang với lửa nhỏ trong 1-2 phút, hạt điều rang rất thơm ngon để dùng ngay","Bảo quản nơi khô ráo, thoáng mát, tránh ánh nắng trực tiếp",In trên bao bì
78,78,Chứng nhận hữu cơ tiêu chuẩn EU và USDA,Sản phẩm được đóng gói tại Việt Nam,"Hạt điều là một loại hạt giàu năng lượng, chứa nhiều thành phần dinh dưỡng quý. Hạt điều chứa ít chất béo nhất trong các loại hạt, trong đó phần lớn là chất béo tốt, đặc biệt là Omega-3, Omega-6 có lợi cho tim mạch và bảo vệ mắt. Ngoài ra, hạt điều còn giàu canxi, sắt, đồng, magie, mangan nên còn được xem là một trong những thực phẩm giàu khoáng chất",Dùng trực tiếp hoặc chế biến món ăn,"Nơi khô ráo thoáng mát, tránh ánh nắng trực tiếp",In trên bao bì
77,77,Chứng nhận hữu cơ tiêu chuẩn NASAA,Sản phẩm được đóng gói tại Malaysia,"Hạt bí là nguồn protein tuyệt vời, cung cấp protein, magie, sắt, kẽm, phốt pho, nhiều khoáng chất. Trytophan trong hạt bí giúp chống trầm cảm. Glutamete giúp giảm căng thẳng thần kinh. Kẽm trong hạt bí giúp tăng cường hệ miễn dịch. Phytosterol giúp giảm Choresterol LDL giảm tác nhân gây ung thư","Thêm vào món salad, làm bánh mì, đồ ăn nhẹ, món tráng miệng hoặc làm đồ nướng","Bảo quản nơi khô ráo, thoáng mát",In trên bao bì
76,76,Chứng nhận hữu cơ tiêu chuẩn USDA của Mỹ và EU của châu Âu,Sản phẩm được đóng gói tại Việt Nam,"Mè đen hữu cơ, còn gọi vừng đen, cung cấp vitamin E, vitamin B, kẽm, selen, đồng, sắt và canxi tốt cho hệ thống miễn dịch. Mè đen chứa ít carbs, giàu protein và chất béo lành mạnh nên có tác dụng hỗ trợ kiểm soát lượng đường trong máu, giúp da mịn màng, giảm viêm, hỗ trợ hình thành tế bào máu...","Rắc lên các món salad, mì, cơm nắm, sushi, xiên que. Thêm vào bột làm bánh mì, bánh quy, muffin. Làm chè mè đen hay nhân mè đen, sữa mè đen, nấu cháo mè đen gạo lứt","Bảo quản nơi khô ráo, thoáng mát",In trên bao bì
75,75,Sản phẩm được phát triển bởi cộng đồng dân tộc thiểu số tỉnh Quảng Nam với sự hỗ trợ từ Tổ chức Cứu trợ/ Phát triển Quốc Tế (FIDR) nhằm thúc đẩy phát triển nông thôn bền vũng,Đậu tây trắng được thu hoạch có chừng mực từ rừng hoặc được trồng từ giống thuần chủng địa phương và hoàn toàn không sử dụng hóa chất,"Đậu trắng có hàm lượng dinh dưỡng cao và đặt biệt rất giàu Vitamin. Trong 100 gram đậu trắng chứa 2.04 mg vitamin A, 14 mg vitamin C và một lượng nhỏ các vitamin nhóm B, và chỉ chứa 0.4 gram chất béo và khoảng 2.3 gram protein. Thành phần chất khoáng trong loại đậu này cũng khá cao và phong phú, trong đó Natri chiếm khoảng 320 mg, Kali 260 mg và chứa những chất khác như Canxi, Sắt, Magie, Photpho.
Công dụng đối với sức khỏe:
•	Phòng chống tiểu đường
•	Tốt cho tiêu hóa
•	Chống lão hoa
•	Giảm cân",Không rõ,Không rõ,Không rõ
74,74,Chứng nhận hữu cơ tiêu chuẩn ACO của Úc,Sản phẩm được sản xuất tại Ý,Không rõ,Sản phẩm được sản xuất tại Ý,"Khi chưa mở, bảo quản ở nơi khô ráo thoáng mát, tránh ánh nắng trực tiếp. Sau khi mở, bảo quản trong hộp đựng thực phẩm và để trong tủ lạnh, đồng thời dùng trong vòng 2 ngày",In trên bao bì
73,73,Chứng nhận hữu cơ tiêu chuẩn USDA,Sản phẩm được sản xuất tại Ấn Độ,"Đậ̣u xanh hữu cơ giàu dưỡng chất protein thực vật, chất xơ, chất chống oxy hóa và các vitamin C, E, B,... Nguyên liệu ”vàng” cho chế độ ăn uống lành mạnh, chìa khóa giúp cơ thể khỏe mạnh bên trong tươi trẻ bên ngoài","Nấu xôi chè, cháo, sữa, làm nhân bánh...","Bảo quản nơi khô thoáng, tránh ánh nắng trực tiếp",In trên bao bì
72,72,Chứng nhận hữu cơ NASAA,Được sản xuất tại Malaysia,Không rõ,"Dùng trong chế biến các món ăn
•	Cách đầu tiên là đun sôi đậu trong 2' rồi tắt lửa, đậy nắp lại và để yên trong 2h
•	Cách thứ 2 chỉ cần ngâm đậu gà trong nước trong một khoảng thời gian xác định","Nơi khô ráo, thoáng mát",24 tháng kể từ NSX
71,71,Chứng nhận hữu cơ tiêu chuẩn USDA của Mỹ và EU của châu Âu,Không rõ,"Đậu phộng chứa vitamin E, protein, khoáng chất như mangan, hỗ trợ cơ thể hấp thu canxi và ổn định đường huyết. Các dưỡng chất trong đậu phộng còn có tác dụng hỗ trợ kiểm soát hàm lượng cholesterol có trong máu. Đậu phộng thích hợp dùng làm nguyên liệu chế biến nhiều món ngon","Làm nguyên liệu nấu xôi chè, bơ đậu phộng, các món ngọt, món ăn vặt như đậu phộng rang nước mắm, đậu phộng cháy tỏi ớt...","Bảo quản nơi khô ráo, thoáng mát","Bảo quản nơi khô ráo, thoáng mát"
70,70,Canh tác theo hướng hữu cơ,Sản phẩm được đóng gói tại Việt Nam,"Đậu đỏ chứa hàm lượng chất chống oxy hóa cao, giúp bảo vệ cơ thể và ngăn ngừa lão hóa da sớm. Hàm lượng kali trong đậu đỏ giúp kiểm soát huyết áp. Đồng thời, nhờ hàm lượng chất xơ cao tạo cảm giác no lâu, giúp cải thiện hoạt động của dạ dày, đường ruột, giảm nguy cơ xơ vữa động mạch. Ngoài ra, đậu đỏ còn chứa các vitamin A, C, B1, B2, chất sắt giúp tế bào phát triển khỏe mạnh","Nấu xôi chè, súp, sữa, thạch đậu đỏ, cháo đậu đỏ, hay làm nhân bánh","Bảo quản nơi khô ráo, thoáng mát",In trên bao bì
69,69,Chứng nhận hữu cơ tiêu chuẩn USDA của Mỹ và tiêu chuẩn EU của Châu Âu,Lúa được trồng trên mô hình lúa vuông tôm tại Bến Tre,Không rõ,"Vo gạo bằng nước sạch. Ngâm gạo lứt bằng nước ấm khoảng 45 phút. Cho gạo và nước theo tỷ lệ 1:1,6 (Lượng nước có thể tuỳ chỉnh theo khẩu vị). Nấu khoảng 35 - 45 phút","Bảo quản nơi khô ráo, thoáng mát. Tránh ẩm ướt, mùi lạ, côn trùng, sâu bọ. Đậy kín sau khi mở bao",1 năm kể từ Ngày sản xuất
68,68,1 năm kể từ Ngày sản xuất,Sản phẩm được sản xuất tại Malaysia,"Yến mạch Cán mỏng Hữu cơ Health Paradise 500g là những hạt yến mạch hữu cơ được cán mỏng, có kết cấu mềm mịn khi dùng, rất dậy hương thơm, thích hợp với mọi đối tượng, nhất là em bé. Dùng yến mạch vào chế độ ăn hàng ngày đem lại nhiều lợi ích cho sức khỏe:
•	Làm giảm cholesterol.
•	Ổn định lượng đường trong máu.
•	Cải thiện hệ thống miễn dịch.
•	Beta-glucan tăng cường khả năng phòng thủ của hệ thống miễn dịch chống lại vi khuẩn, virus, nấm và ký sinh trùng.
•	Chất xơ từ ngũ cốc giúp chống ung thư vú",Dùng trong chế biến các món ăn. Chỉ cần thêm nước sôi hay lượng yến mạch mong muốn và đậy nắp trong vòng 5 phút rồi thưởng thức,"Bảo quản nơi khô ráo, thoáng mát, tránh ánh nắng trực tiếp",Xem trên bao bì
67,67,Chứng nhận hữu cơ tiêu chuẩn EU,Sản phẩm được sản xuất tại Ý,"Ngũ cốc Muesli hỗ trợ giảm cân, giảm nồng độ cholesterol trong máu ngăn ngừa bệnh tim mạch, kiểm soát lượng đường trong máy hỗ trợ điều trị tiểu đường.
Những lợi ích cho sức khoẻ:
•	Là một nguồn giàu chất xơ hòa tan và rất hữu ích trong việc làm giảm cholesterol.
•	Ăn kèm muesli với trái cây tươi giúp làm cho làn da khỏe mạnh và sáng bóng.
•	Muesli là một nguồn khoáng chất phong phú làm tăng sự trao đổi chất trong cơ thể.
•	Giàu canxi giúp hỗ trợ phòng loãng xương","Có nhiều cách để thưởng thức Muesli như ngâm qua đêm trong sữa lạnh hoặc nước táo, nước cam để Muesli mềm hơn; Hay chỉ đơn giản là dùng cùng sữa chua, sữa hạt.
Ngoài ra có thể ăn trực tiếp như là một món ăn vặt",Đậy kín và bảo quản nơi khô thoáng,In trên bao bì
66,66,Không rõ,Đặc sản vùng miền,"Nếp cái hoa vàng là giống lúa nếp truyền thống nổi tiếng tại các tỉnh đồng bằng va trung du Bắc Bộ, Việt Nam. Hạt gạo nếp tròn đầy, khi nấu chín hạt trong và ráo, mềm nhưng không nát, ăn vừa thơm nhẹ lại đậm đà","Dùng để nấu chè, cơm rượu, kết hợp với các loại đậu hạt để nấu xôi hoặc chế biến các loại bánh như bánh chưng, bánh ú, bánh tét, bánh ít, bánh khúc,...",Bảo quản nơi khô ráo thoáng mát,6 tháng sau ngày sản xuất
65,65,Đạt chứng nhận hữu cơ USDA của Mỹ,Hoa kỳ,"Yến mạch rất giàu vitamin A, B, C, sắt, canxi, kali, magie, omega 3. Có công dụng giúp giảm cân, giảm cholesterol, kiểm soát đường huyết, điều trị đái tháo đường, làm đẹp da, bảo vệ tim mạch, chống ung thư, giúp nhuận tràng, giảm tình trạng táo bón...","Bạn có thể dùng yến mạch cho bữa sáng nhẹ nhàng, chế biến thành các món cháo, bánh mì yến mạch, bánh bông lan yến mạch và nhiều món ngon khác","Bảo quản nơi khô ráo, thoáng mát","Bảo quản nơi khô ráo, thoáng mát"
64,64,"Chứng nhận hữu cơ tiêu chuẩn USDA của Mỹ, tiêu chuẩn EU của Châu Âu và tiêu chuẩn JAS của Nhật Bản",Lúa được trồng trên mô hình lúa vuông tôm tại Bến Tre,Không rõ,Vo gạo bằng nước sạch. Cho gạo và nước theo tỷ lệ 1:1 (Lượng nước có thể tuỳ chỉnh theo khẩu vị,"Bảo quản nơi khô ráo, thoáng mát. Tránh ẩm ướt, mùi lạ, côn trùng, sâu bọ. Đậy kín sau khi mở bao",1 năm kể từ Ngày sản xuất
63,63,Chứng nhận hữu cơ tiêu chuẩn EU của châu Âu,Sản phẩm của Pháp,"Mận khô là một loại thực phẩm được nhiều người biết đến vì có nhiều chất dinh dưỡng giúp ích cho sức khỏe của con người. Mận khô giàu chất xơ hòa tan, nhờ đó giúp điều tiết lượng đường trong máu và đem lại cảm giác no lâu. Mận khô cũng rất giàu chất chống oxy hóa, rất hữu ích để giảm viêm và bảo vệ các tế bào của khỏi bị hư hại. Ngoài ra, mận cũng chứa một số vitamin và khoáng chất như vitamin A tốt cho mắt, có tác dụng bảo vệ xương bao gồm vitamin K, phốt pho, magiê và kali","Dùng trực tiếp, hoặc dùng cùng yến mạch, sữa chua, kem. Làm nguyên liệu cho các món bánh hay món mặn","Bảo quản nơi khô ráo, thoáng mát. Tránh ánh nắng mặt trời. Sau khi mở túi, bảo quản ở ngăn mát tủ lạnh",In trên bao bì
62,62,"Chứng nhận hữu cơ USDA, chứng nhận hữu cơ EU",Sản phẩm được đóng gói tại Việt Nam,"Táo tàu khô có tính giữ nhiệt, vị cam, giàu chất dinh dưỡng, bởi chứa các thành phần như: protein, lipit, đường, can xi, phốt pho, sắt, và nhiều loại vitamin A, C, B1, B2, carotene….. nên mang đến nhiều giá trị về sức khỏe cho người sử dụng như tăng cường hệ hô hấp, giải độc, làm bổ trung khí, tốt cho hệ tiêu hóa... Đặc biệt tốt cho những người suy nhược cơ thể hay suy nhược thần kinh, cao huyết áo, khó tiêu, táo bón, người bị dị ứng da...","Táo tàu có thể dùng ăn liền, hay đun nước pha trà, nấu chè, chưng yến và ngâm rượu thuốc... Táo tàu khô hầm với gà cùng với kỷ tử, ý dĩ, hạt sen để có được món canh ngon bổ dưỡng","Bảo quản nơi khô ráo, thoáng mát. Tránh ánh nắng mặt trời. Sau khi mở túi và chưa dùng hết, nên cho vào hũ đậy kín và có thể để ở ngăn mát tủ lạnh",In trên bao bì
61,61,"Chứng nhận hữu cơ USDA, chứng nhận hữu cơ EU",Sản phẩm được đóng gói tại Việt Nam,"Các nghiên cứu hiện đại cho thấy, kỷ tử là một trong những vị thuốc có tác dụng dược lý rất phong phú:
•	Cải thiện và điều tiết công năng miễn dịch của cơ thể.
•	Nâng cao năng lực hoạt động của hệ thống nội tiết Hạ khâu não - Tuyến yên - Tuyến thượng thận.
•	Bảo vệ tế bào gan, ức chế sự lắng đọng chất mỡ trong gan, thúc đẩy quá trình tái sinh của tế bào gan.
•	Điều chỉnh rối loạn lipid máu, làm hạ cholesterol và làm chậm sự hình thành các mảng vữa xơ trong huyết quản.
•	Hạ đường huyết.
•	Làm giãn mạch và hạ huyết áp.
•	Thúc đẩy quá trình tạo huyết của tủy xương.
•	Chống ôxy hóa và làm chậm sự lão hóa.
•	Nâng cao sức chịu đựng của cơ thể trong điều kiện thiếu ôxy, phòng chống tích cực trạng thái mệt mỏi.
•	Chống phóng xạ và ức chế sự phát triển của tế bào ung thư...","Kỷ tử có thể dùng trực tiếp như trái cây sấy, pha trà, thêm vào ngũ cốc ăn sáng, chế biến món ăn... Kỷ tử hầm canh gà cùng với táo tàu và ý dĩ để có được món canh ngon bổ dưỡng","Bảo quản nơi khô ráo, thoáng mát. Tránh ánh nắng mặt trời. Sau khi mở túi và chưa dùng hết, nên cho vào hũ đậy kín và có thể để ở ngăn mát tủ lạnh",In trên bao bì
60,60,Đạt chứng nhận an toàn thực phẩm,Sản phẩm được sản xuất tại Thổ Nhĩ Kỳ,Không rõ,"Dùng trực tiếp,hoặc dùng để nấu soup, hoặc ngâm nước ấm để uống giúp hỗ trợ đường huyết rất tốt","Bảo quản nơi khô ráo, thoáng mát",In trên bao bì
59,59,Không rõ,Không rõ,"Long nhãn chính là bộ phận cùi của quả nhãn đã được bỏ hột và làm sạch, đem sấy khô sao để phần cùi nhãn không dính vào nhau mà vẫn mềm. Trong Đông y, long nhãn là một trong những thảo dược quý có nhiều công dụng chữa bệnh như trị táo bón, thiếu máu, mất ngủ, an thần. Còn đối với đời sống hàng ngày, long nhãn đã trở nên vô cùng quen thuộc trong các món ăn thức uống như chè, cháo, canh súp bổ dưỡng hay trà thảo dược","Ăn liền, chế biến món ăn, ngâm rượu hay chế biến thành các bài thuốc dân gian để cải thiện sức khỏe","Nơi khô ráo, thoáng mát, hoặc lưu giữ trong ngăn mát tủ lạnh",Không rõ
58,58,Chứng nhận hữu cơ theo tiêu chuẩn AsureQuality của New Zealand,Sản phẩm được sản xuất tại New Zealand,"Lợi ích sức khỏe tuyệt vời của hỗn hợp táo, kiwi và cải xoăn hữu cơ:
- Cải xoăn giàu chất xơ nhưng lại ít calo, giúp bạn no nhanh, no lâu, hỗ trợ giảm cân hiệu quả.
- Táo giàu pectin giúp loại bỏ độc tố, thanh lọc cơ thể hiệu quả.
- Kiwi giàu vitamin C và chất chống oxi hóa giúp cung cấp năng lượng, chống lão hóa và tăng cường hệ miễn dịch","- Ăn trực tiếp.
- Sinh tố.
- Dùng như đá viên trong món cocktail hoặc các loại thức uống có cồn.
- Thêm vào sữa chua hoặc bánh",Bảo quản trong tủ đông hoặc dưới -18 độ C,In trên bao bì
57,57,Chứng nhận hữu cơ theo tiêu chuẩn AsureQuality của New Zealand,Sản phẩm được sản xuất tại New Zealand,"Việt quất không chỉ có hương vị tuyệt vời mà còn có nhiều công dụng cho sức khỏe
- Giảm nguy cơ mắc bệnh béo phì, tiểu đường, tim mạch.
- Giúp làn da và mái tóc khỏe mạnh.
- Cung cấp năng lượng cho cơ thể và giữ gìn vóc dáng cân đối","- Ăn trực tiếp.
- Sinh tố.
- Dùng như đá viên trong món cocktail hoặc các loại thức uống có cồn.
- Thêm vào sữa chua hoặc bánh",Bảo quản trong tủ đông hoặc dưới -18 độ C,In trên bao bì
56,56,Chứng nhận hữu cơ theo tiêu chuẩn AsureQuality của New Zealand,Sản phẩm được đóng gói tại Chilê,"- Dâu tây giàu vitamin C giúp tăng cường khả năng miễn dịch và chống lại nhiễm trùng. Chỉ một chén dâu tây có thể đáp ứng nhu cầu vitamin C của cơ thể trong cả ngày.Thành phần fisetin có trong dâu tây được coi như một flavonoid tự nhiên giúp tăng cường trí nhớ và kích thích các dây thần kinh. Ăn dâu tây còn giúp ngăn ngừa suy giảm chức năng nhận thức.Dâu tây chứa lượng calo thấp và nhiều chất xơ. Một chén dâu tây chỉ chứa 53 calo và chất xơ giúp bạn no lâu hơn. Chúng cũng chứa vitamin C có tác dụng tăng cường trao đổi chất và giúp cơ thể đốt cháy calo nhanh hơn.
- Việt quất không chỉ có hương vị tuyệt vời mà còn có nhiều công dụng cho sức khỏe
	Giảm nguy cơ mắc bệnh béo phì, tiểu đường, tim mạch.
	Giúp làn da và mái tóc khỏe mạnh.
	Cung cấp năng lượng cho cơ thể và giữ gìn vóc dáng cân đối.
- Quả mâm xôi có nhiều tanin, có tác dụng ngăn chặn alpha-amylase, một loại enzyme tiêu hóa cần thiết cho quá trình thủy phân tinh bột. Bằng cách ngăn chặn enzyme tiêu hóa alpha-amylase, quả mâm xôi có tác dụng làm giảm số lượng carbs hấp thụ sau bữa ăn, và làm giảm tác động đến lượng đường trong máu của bạn.Quả mâm xôi chứa axit ellagic - một trong những chất chống oxy hóa có khả năng vừa ngăn ngừa tổn thương oxy hóa vừa giúp tái tạo những DNA bị tổn thương.
- Phúc bồn tử hay còn gọi là quả mâm xôi là một loại cây thuộc họ dâu. Có hai loại, quả có màu đen vị ngọt nhẹ và quả màu đỏ sẫm có vị chua. Phúc bồn tử được thế giới xếp hàng thượng phẩm trong biểu đồ đánh giá thực phẩm, nhiều lợi ích hơn cả việt quất, dâu tây, nho đen, cherry... vì giàu các vitamin, khoáng chất, và chất xơ. Đây cũng là loại quả được sử dụng rất nhiều trong các công thức làm các thức uống detox (thải độc) cho cơ thể khỏe đẹp hơn",Không rõ,Không rõ,Không rõ
55,55,Chứng nhận hữu cơ tiêu chuẩn AsureQuality của New Zealand,Sản xuất tại New Zealand,"Đậu tươi được cấp đông nhằm giữ lại độ tươi ngọt ngon nhất khi đến tay người tiêu dùng, giúp việc tận hưởng rau củ hữu cơ mỗi ngày trở nên dễ dàng hơn, phù hợp với những ai đang tìm kiếm nguồn thực phẩm sử dụng thường xuyên cho chế độ ăn kiêng, giàu chất xơ","Lò vi sóng: Cho đậu đông lạnh vào bát dành cho lò vi sóng và đậy nắp. Làm nóng ở nhiệt độ cao trong 2 đến 3 phút. Sau đó để ráo, thêm gia vị và thưởng thức.
Nấu trên bếp: Đun sôi nước trong nồi, thêm đậu đông lạnh vào và đậy nắp. Đun lửa nhỏ trong vòng 2 đến 3 phút. Sau đó để ráo, thêm gia vị và thưởng thức.
* Lưu ý: Để có kết quả tốt nhất, không rã đông trước khi nấu. Nếu rã đông, nên nấu kịp thời",Giữ đông lạnh đến -18 độ C hoặc lạnh hơn,In trên bao bì
54,54,Sản phẩm được làm từ những trái bơ canh tác theo hướng hữu cơ,Việt Nam,"Bơ Booth có nhiều folate, cùng với vitamin E, vitamin A và Glutathione bên trong bơ nên tốt cho tim mạch. Ngoài ra, bơ còn giàu chất xơ, chứa hàm lượng protein cao và hàm lượng muối thấp. Vì thế, khi sử dụng với một lượng hợp lý mỗi ngày sẽ tốt cho sức khỏe","Dùng xay sinh tố, làm kem, trộn salad hoặc chế biến các món khác",Trữ đông ở -18 độ C,In trên bao bì
53,53,Không rõ,Việt Nam,"Dâu tây có hình dạng và màu sắc rất giống hình trái tim, và loại quả này cũng thực sự là tốt để bảo vệ trái tim của bạn, tăng lượng cholesterol HDL (tốt), giảm huyết áp và bảo vệ chống ung thư. Dâu tây rất giàu chất chống oxy hóa và các hợp chất thực vật, có lợi ích cho sức khỏe tim mạch và kiểm soát lượng đường trong máu","dùng làm sinh tố, salad, làm bánh hoặc chế biển các món khác",Bảo quản ở nhiệt độ -18 độ C,Xem trên bao bì
52,52,Chứng nhận hữu cơ BioGro của New Zealand,Trang trại tại New Zealand,"Táo Dazzle hữu cơ New Zealand là loại táo ăn liền với độ ngọt, giòn bất ngờ. Lớp vỏ ngoài căng bóng, có màu đỏ tươi cho thấy lượng anthocyanin trong táo Dazzle cao hơn so với các loại táo xanh khác. (Anthocyanin là một loại flavonoid, một họ các chất chống oxy hóa mạnh mẽ chống lại tác động của lão hóa và stress oxy hóa. Anthocyanin còn đóng một vai trò quan trọng trong việc phòng và hỗ trợ điều trị các bệnh về mắt, ngăn ngừa ung thư, bệnh tim phổi, bệnh xơ cứng động mạch, chống viêm..)
Táo Dazzle hữu cơ sinh trưởng tự nhiên ở New Zealand, hấp thụ ánh nắng mặt trời cùng nguồn dinh dưỡng không bị tác động từ bất kỳ hoá chất hay thuốc trừ sâu. Vì thế táo Dazzle hữu cơ không chỉ giàu vitamin C cùng chất xơ, mà còn có độ ngon thuần túy, phù hợp với mọi chế độ ăn uống và mọi lứa tuổi","Dùng trực tiếp, ép nước với các loại rau củ, làm bánh táo, làm salad...",Bảo quản trong ngăn mát tủ lạnh,3 - 6 ngày tùy điều kiện bảo quản
51,51,Chứng nhận hữu cơ BioGro của New Zealand,Trang tại tại New Zealand,"Kiwi vàng (Sungold) Zespri quả to, tươi ngon, mọng nước, cầm cứng tay, vị ngọt ngọt xen lẫn chua dịu nhẹ thanh mát, đặc trưng của Kiwi không thể lẫn vào đâu được.
Giá trị dinh dưỡng của Kiwi:
•	Quả kiwi lại chứa gấp đôi lượng vitamin C so với quả cam. Do đó mỗi ngày, bạn chỉ cần ăn một quả kiwi là đã có đủ lượng vitamin C cần thiết. Ngoài ra, kiwi cũng là loại trái cây chứa nguồn vitamin E dồi dào, có tác dụng tốt cho tim mạch.
•	Quả kiwi có cùng lượng kali như quả chuối nhưng lại chỉ chứa một nửa lượng calo nên dẫn tới hàm lượng muối trong quả kiwi rất thấp và vẫn đảm bảo lượng kali cao – là chất có lợi để ổn định huyết áp và sức khỏe tim mạch.
•	Quả kiwi không những có hàm lượng lutein cao hơn các loại quả – mà các nghiên cứu gần đây còn cho thấy chất lutein có trong quả kiwi còn rất dễ hấp thụ, giúp ngăn ngừa việc giảm thị lực do tuổi tác. Bên cạnh đó, chỉ cần ăn 2-3 quả kiwi mỗi ngày là giảm được lượng tế bào bị tổn thương do căng thẳng gây ra; giảm được được sự tụ tập của các tiểu huyết cầu – vốn là một yếu tố có nguy cơ cao dẫn tới làm tắc động mạch và các mạch máu","Dùng trực tiếp, làm sinh tố, sốt, hay nguyên liệu làm bánh, salad...",Bảo quản trong ngăn mát tủ lạnh,3 - 6 ngày tùy điều kiện bảo quản
50,50,Canh tác theo hướng hữu cơ,"Trang trại tại Dak Nong, Việt Nam","Quả bơ có chứa nhiều loại khoáng chất như kali, sắt, canxi, kẽm mangan, magie, selen và đồng có đến 14 loại vitamin cần thiết thiết yếu với cơ thể như A, C, E, B2, B6, B5. Các loại vitamin và khoáng chất này có tác dụng cung cấp những chất chống oxy hóa, ngăn ngừa da lão hóa, giúp phòng ngừa các bệnh ung thư hay đục thủy tinh thể","Ăn kèm với sữa đặc hoặc đường, làm sinh tố, mặt nạ,...",Bảo quản trong ngăn mát tủ lạnh,3 - 6 ngày tùy điều kiện bảo quản
49,49,"Dưa bở được trồng theo hướng hữu cơ, không sử dụng phân bón hóa học, thuốc trừ sâu hóa học, thuốc diệt cỏ và các hóa chất kích thích tăng trưởng","Dưa bở được trồng tại trang trại Kim Sơn, Hà Nội","Dưa bở là một trong những loại quả vừa cung cấp dinh dưỡng cho cơ thể, vừa có tác dụng giải khát, thanh nhiệt và trị được nhiều bệnh. Dưa bở chứa nhiều canxi, magie, cực kỳ phù hợp để chữa chứng táo bón trẻ em, đa dạng các nhóm Vitamin B, phòng chống hiện tượng ngứa, nổi mề đay mùa nóng, làm đẹp da cho chị em",Không rõ,Không rõ,Không rõ
48,48,Global Gap,"Trang trại tại Ninh Thuận, Việt Nam","Ăn dưa lưới vào buổi sáng giúp cơ thể giải độc, điều tiết tốt hơn. Zeaxanthin trong dưa lưới còn có tác dụng bảo vệ da khỏi tia UV. Ngoài ra, dưa lưới còn là nguồn thực phẩm chứa beta-carotene, axit folic, kali, vitamin C và vitamin A giúp bạn cải thiện làn da trẻ trung và khỏe mạnh hơn","Dưa lưới có thể ăn trực tiếp hay làm nguyên liệu cho các món nước, bánh ngọt...",Bảo quản trong ngăn mát tủ lạnh,3 - 6 ngày tùy điều kiện bảo quản
47,47,Đặc sản vùng miền,"Trang trại tại Nghệ An, Việt Nam","Dứa Hoàng Hậu hay còn gọi là Dứa Gai được trồng ở Nghệ An. Là loại dứa có thịt vàng, miếng dứa giòn và vị ngọt nhiều. Đây là một sản phẩm được Organica chọn lọc từ vùng đất có thời tiết khắc nghiệt ở Bắc Trung Bộ, mùa đông thì lạnh cóng và mùa hè thì bỏng rát với gió Lào. Mùa nào thức ấy, hi vọng đây sẽ là 1 sản phẩm theo mùa và được mọi người yêu thích để năm sau Organica mạnh dạn nhân trồng trong hệ thống vườn của mình","Dứa hoàng hậu trái nhỏ, ép nước rất ngon hoặc bổ miếng dứa ra thơm nức, chấm với xíu muối ớt",Bảo quản trong ngăn mát tủ lạnh,3 - 6 ngày tùy điều kiện bảo quản
46,46,Canh tác theo hướng hữu cơ,Cổ Loa,"Ổi rất giàu các chất chống oxy hóa, vitamin C, kali và chất xơ. Chất xơ có thể làm giảm lượng cholesterol xấu, góp phần cải thiện các bệnh lý về tim mạch, hỗ trợ và cải thiện hệ thống tiêu hóa. Các chất chống oxy hóa trong ổi có thể bảo vệ làn da khỏi các vấn đề lão hóa. Ngoài ra, vitamin A và C cũng góp phần giúp da săn chắc, chống việc hình thành nếp nhăn, tăng cường chức năng của hệ thống miễn dịch","Ăn trực tiếp, làm nước ép, salad",Bảo quản trong ngăn mát tủ lạnh,3 - 6 ngày tùy điều kiện bảo quản
45,45,Canh tác theo hướng hữu cơ,"Trang trại tại Nghệ An, Việt Nam","Cam Vinh quả tròn đều, mọng nước, vàng đều. Cam Vinh thường được dùng để ăn trực tiếp, ép lấy nước cam, xay lấy sinh tố. Phần vỏ cam ép lấy tinh dầu, làm mứt. Phần hạt cam cũng được dùng để làm nước gội đầu","Thanh long có thể ăn trực tiếp, làm nước ép, salad, nước sốt,...",Bảo quản nơi thoáng mát hoặc ngăn mát tủ lạnh,5 - 7 ngày tùy điều kiện bảo quản
44,44,đạt chứng nhận Fairtrade - Thương mại công bằng do châu Âu cấp và là sản phẩm được canh tác theo hướng bền vững,Daklak,"Bơ Booth có nhiều folate, cùng với vitamin E, vitamin A và Glutathione bên trong bơ nên tốt cho tim mạch. Ngoài ra, bơ còn giàu chất xơ, chứa hàm lượng protein cao và hàm lượng muối thấp. Vì thế, khi sử dụng với một lượng hợp lý mỗi ngày sẽ tốt cho sức khỏe","Dùng trực tiếp, làm sinh tố với các loại rau củ, làm bánh, làm salad...","Khi thấy vỏ màu xanh hơi ngả vàng, cầm bơ thấy mềm tay và còn chút đàn hồi là bơ đã chín. Có thể dùng trực tiếp hoặc bảo quản trong ngăn mát tủ lạnh được thêm 2 - 3 ngày",Không rõ
43,43,Canh tác theo hướng hữu cơ,Trang trại MaxOrganic,"Dâu tây có hình dạng và màu sắc rất giống hình trái tim, và loại quả này cũng thực sự là tốt để bảo vệ trái tim của bạn, tăng lượng cholesterol HDL (tốt), giảm huyết áp và bảo vệ chống ung thư. Dâu tây rất giàu chất chống oxy hóa và các hợp chất thực vật, có lợi ích cho sức khỏe tim mạch và kiểm soát lượng đường trong máu","Dâu tây có thể ăn trực tiếp, làm sinh tố,...",Bảo quản trong ngăn mát tủ lạnh,Không rõ
42,42,Sản phẩm được làm từ ngô ngọt canh tác hữu cơ,Việt Nam,"Bắp ngọt được xem là một loại thực phẩm vô cùng giàu dinh dưỡng, bao gồm protein, vitamin B, vitamin C và lượng lớn chất xơ, kali và các chất oxy hóa được coi là một nguồn cung cấp năng lượng tuyệt vời cho cơ thể","Ngô ngọt có thể hấp, xào, nấu soup, nấu chè, làm bánh...",Trữ đông ở -18 độ C,Không rõ
41,41,Sản phẩm được làm từ khoai tây canh tác hữu cơ,Việt Nam,"Khoai tây có thành phần dinh dưỡng và vitamin phong phú được mệnh danh là "" táo trong lòng đất"". Đặc biệt, do hàm lượng Kali cao, thúc đẩy loại bỏ Natri thừa nên khoai tây góp phần làm giảm huyết áp. Ngoài ra, khoai tây còn tăng cường chức năng đau dạ dày, từ đó ngăn chặn sự tích tụ chất thải nên có thể loại bỏ các yếu tố gây hai đến tuần hoàn máu","Khoai tây có thể hấp, nấu canh, ..",Trữ đông ở -18 độ C,Không rõ
40,40,Sản phẩm được làm từ hành tây canh tác hữu cơ,Việt Nam,"Hành tây cung cấp một nguồn vitamin C, B6, sắt, kali và mangan để bảo vệ cơ thể khỏi cái lạnh và cảm cúm. Ngoài ra còn giàu Organosulfurs và các Flavonoid có thể giúp ngăn ngừa bệnh tim và tăng cường sức khỏe tim mạch. Nhờ chứa nhiều vitamin A, E và C mà hành tây có thể hỗ trợ tăng cường sức khỏe và bảo vệ da","Dùng trong các món chiên, nướng, hấp, xào, kho, sốt. Cách chế biến hành tây thông dụng là trộn dầu giấm ăn sống, trộn chung trong đĩa salad, làm tăng hương vị cho các món gỏi (gỏi ngó sen, gỏi su hào, gỏi dưa leo, gỏi cóc…), hoặc chiên xào với các loại thịt, trứng, nấu súp, cà ri…",Trữ đông ở -18 độ C,Không rõ
39,39,Sản phẩm được làm từ khoai sọ canh tác hữu cơ,Việt Nam,Một trong những lợi ích to lớn nhất của khoai sọ là kích thích hoạt động tiêu hóa trong cơ thể. Ngăn ngừa các loại bệnh ung thư. Ngăn ngừa bệnh tiểu đường. Có lợi cho huyết áp và giúp tim khỏe mạnh,"Nấu các món chè, canh, làm trà sữa, chiên, cà ri",Trữ đông ở -18 độ C,Không rõ
38,38,Không rõ,"Trang trại tại Lâm Đồng, Việt Nam","Nấm đông cô có tác dụng chống ung thư nhờ hoạt chất lentinan, ngoài ra còn có tác dụng chống virus, chống oxy hóa, giảm lão hóa… Vì nấm đông cô có chứa nhiều chất cần thiết cho cơ thể nên được những người ăn chay đặc biệt yêu thích",Ngâm nấm trong nước cho mềm và chế biến món ăn,"Bảo quản nơi khô ráo, thoáng mát",1 năm kể từ ngày sản xuất
37,37,Không rõ,"Tây Ninh, Việt Nam","Nấm mộc nhĩ có chứa hàm lượng canxi cao, sắt, chất khoáng và vitamin, tính bình. Ngoài ra có công dụng làm mát và cầm máu; ăn mộc nhĩ rất tốt cho khí huyết, phổi, dạ dày và giúp nhuận tràng",Ngâm nấm trong nước cho mềm và chế biến món ăn,"Bảo quản nơi khô ráo, thoáng mát",1 năm kể từ ngày sản xuất
36,36,"Chứng nhận hữu cơ USDA, chứng nhận hữu cơ EU","Trang trại tại Thái Nguyên, Việt Nam","Nấm hương hữu cơ chứa các vitamin B1, B2, B6, B12, Kali, Sắt, Protein, Beta glucose và axit nucleic, lượng calo thấp, giàu chất xơ và khoáng chất giúp ngăn ngừa các bệnh về tim mạch, hỗ trợ giảm cân, tốt cho làn da, tăng cường hệ miễn dịch","Nấm hương dùng để chế biến được nhiều món ăn: soup, cháo, nấu lẩu, xào, kho",Bảo quản trong ngăn mát tủ lạnh,Sử dụng trong vòng 7 ngày
35,35,Canh tác theo hướng hữu cơ,"Trang trại tại Thái Nguyên, Việt Nam","Nấm đùi gà tốt cho hệ tiêu hóa, phòng chống bệnh tiểu đường, giúp tăng cường miễn dịch","Nấm đùi gà dùng để chế biến được nhiều món ăn: soup, cháo, nấu lẩu, xào, kho, chiên, rán",Bảo quản trong ngăn mát tủ lạnh,Sử dụng trong vòng 7 ngày
34,34,"Canh tác theo hướng hữu cơ - Quy trình được trồng hoàn toàn không sử dụng phân bón hóa học, thuốc diệt cỏ, thuốc bảo vệ thực vật và chất kích thích tăng trưởng","Trang trại tại Lâm Đồng, Việt Nam","Nấm mỡ có công dụng bổ tỳ, nhuận phế, hóa đàm, tiêu thực. Đây là thực phẩm thích hợp cho những người chán ăn, mệt mỏi do tỳ vị hư yếu, sản phụ thiếu sữa, người viêm phế quản mạn, viêm gan mạn và mắc hội chứng suy giảm bạch cầu.N
nấm mỡ rất giàu đạm, nguyên tố vi lượng và nhiều loại axit amin quý. Nó có tác dụng ức chế tụ cầu vàng, trực khuẩn thương hàn và trực khuẩn e.coli","Nấm mỡ là loại nấm ăn được trồng phổ biến nhất trên thế giới bởi chúng dễ trồng, có giá trị dinh dưỡng cao rất tốt cho cơ thể. Nấm chủ yếu được sử dụng trong chế biến các món ăn bằng cách chiên, xào, nấu, nướng… qua đó đem lại giá trị dinh dưỡng nhất định cho người sử dụng chúng",Bảo quản trong ngăn mát tủ lạnh,3 - 4 ngày tùy điều kiện bảo quản
33,33,Chứng nhận hữu cơ USDA,"Trang trại tại Cổ Loa, Hà Nội, Việt Nam","Rau thì là vừa là thảo mộc vừa là gia vị để tăng hương vị cho món ăn. Rau thì là rất giàu chất dinh dưỡng nên ngoài mục đích ẩm thực, chúng còn được sử dụng để điều trị các bệnh khác nhau, bao gồm các vấn đề về tiêu hóa, đau bụng ở trẻ sơ sinh và hôi miệng","Có thể dùng nấu canh cá, làm chả cá, canh cà chua,...",Bảo quản trong ngăn mát tủ lạnh,3 - 4 ngày tùy điều kiện bảo quản
32,32,Chứng nhận hữu cơ USDA,"Trang trại tại Cổ Loa, Hà Nội, Việt Nam","Ngò rí không chỉ tạo hương vị cho món ăn thêm hấp dẫn mà còn có nhiều công dụng cho sức khỏe. Hàm lượng vitamin C và beta-carotene có trong ngò rí giúp tăng đề kháng, ngăn tình trạng viêm nhiễm bên trong cơ thể, phòng ngừa các bệnh viêm khớp. Hợp chất Citronelol trong ngò rí có khả năng khử trùng mạnh, tiêu diệt vi khuẩn gây mùi trong khoang miệng. Ngò rí còn có các hợp chất chống oxy hóa mạnh, giúp bảo vệ các tế bào như flavonoid, myricetin, apigenin. Ăn ngò rí thường xuyên giúp giảm cholesterol gây hại trong máu",Không rõ,Bảo quản trong ngăn mát tủ lạnh,3 - 6 ngày tùy điều kiện bảo quản
31,31,Chứng nhận hữu cơ USDA,"Trang trại tại Long Thành, Đồng Nai, Việt Nam","Ớt làm tăng hương vị cho món ăn, bên cạnh đó còn có nhiều lợi ích cho sức khỏe: ngừa ung thư tuyến tiền liệt; tốt cho hệ tiêu hóa và hệ tim mạch; tăng cường miễn dịch; phù hợp cho người mắc bệnh tiểu đường","Ớt làm gia vị để khử tanh trong chiên, xào, nấu, ướp,...",Bảo quản trong ngăn mát tủ lạnh,3 - 6 ngày tùy điều kiện bảo quản
30,30,"Đạt tiêu chuẩn hữu cơ USDA của Mỹ và EU của châu Âu, được chứng nhận bởi Control Union",Trang trại hữu cơ Organica tại Ba Vì,"Gừng sống ngọt, cay nhưng ấm, trong đông y có công dụng tán hàn ôn trung, phát hãn, làm ấm tỳ vị, chống nôn, sát khuẩn, giảm đau, chống viêm, còn có thể thư giãn mao mạch, tăng cường tuần hoàn máu, kích thích dạ dày hỗ trợ tiêu hóa","Củ gừng có vị cay và hương thơm đặc biệt, có thể dùng để điều vị thêm hương, là thứ gia vị vô cùng hấp dẫn và không thể thiếu trong cuộc sống. Gừng có thể ăn tươi hoặc chế biến vào các món ăn, ngâm muối, ngâm chua, gia công thành nước gừng, bột gừng, rượu gừng, gừng khô, hay chiết xuất hương liệu...",Không rõ,Không rõ
29,29,Chứng nhận hữu cơ USDA,"Trang trại tại Cổ Loa, Hà Nội, Việt Nam","Hỗn hợp rau gia vị hữu cơ gồm húng lũi, tía tô, kinh giới, húng quế...","Thích hợp dùng trong các món gỏi, cuốn hay dùng kèm với các món chiên, nướng",Bảo quản trong ngăn mát tủ lạnh,3 - 4 ngày tùy điều kiện bảo quản
28,28,Canh tác theo hướng hữu cơ,Đồng Tháp,"Hành lá giàu chất xơ giúp tiêu hóa tốt hơn. Hành lá giàu vitamin C và vitamin A, giúp tăng cường hệ thống miễn dịch và bảo vệ cơ thể khỏi nhiễm trùng","Hành lá được dùng làm nguyên liệu hay gia vị trong các món bánh, canh, salad",Bảo quản trong ngăn mát tủ lạnh,3 - 6 ngày tùy điều kiện bảo quản
26,26,"Canh tác theo hướng hữu cơ - Quá trình canh tác hoàn toàn không sử dụng phân bón hóa học, thuốc diệt cỏ, thuốc bảo vệ thực vật và chất kích thích tăng trưởng","Trang trại tại Lạc Dương, Lâm Đồng","Bông cải xanh là chứa nhiều vitamin và khoáng chất và đặc biệt giàu protein hơn phần lớn các loại rau củ khác. Bông cải xanh còn chứa nhiều hợp chất caroten, giúp cải thiện và ngăn ngừa các bệnh về mắt","Bông cải xanh có thể chế biến theo nhiều cách, nhưng hấp là phương pháp chế biến giúp giữ lại nhiều dưỡng chất nhất",Bảo quản trong ngăn mát tủ lạnh,3 - 6 ngày tùy điều kiện bảo quản
25,25,"Canh tác theo hướng hữu cơ - Quá trình canh tác hoàn toàn không sử dụng phân bón hóa học, thuốc diệt cỏ, thuốc bảo vệ thực vật và chất kích thích tăng trưởng",Trang trại tại Lạc Dương,"Bông cải trắng giàu dưỡng chất thực vật, giàu chất chống viêm, chống ung thư, tốt cho bệnh tim mạch, ngăn ngừa bệnh ở não","Bông cải trắng giàu dưỡng chất thực vật, giàu chất chống viêm, chống ung thư, tốt cho bệnh tim mạch, ngăn ngừa bệnh ở não",Bảo quản trong ngăn mát tủ lạnh,3 - 4 ngày tùy điều kiện bảo quản
24,24,Chứng nhận hữu cơ USDA,"Trang trại tại Cổ Loa, Hà Nội, Việt Nam","Cà chua có kích thước và màu sắc hấp dẫn, hương vị ngon ngọt và hàm lượng dinh dưỡng phong phú. Một số lợi ích sức khỏe cà chua: tăng cường sức khỏe tim mạch, ngăn ngừa ung thư, tốt cho chăm sóc tóc và da",Không rõ,Bảo quản trong ngăn mát tủ lạnh,3 - 6 ngày tùy điều kiện bảo quản
23,23,Canh tác theo hướng hữu cơ,"Trang trại Lạc Dương, Lâm Đồng","Ớt chuông có hàm lượng vitamin C cao hơn cả cam, chanh, đu đủ, dứa/ thơm. Tại Organica, chúng tôi trồng được những trái ớt chuông hữu cơ có cùi giày, ăn giòn ngọt không khác gì trái cây","Ăn trực tiếp, xào, ép nước, làm salad",Bảo quản trong ngăn mát tủ lạnh,Bảo quản trong ngăn mát tủ lạnh
22,22,Canh tác theo hướng hữu cơ,Canh tác theo hướng hữu cơ,"Một số lợi ích sức khỏe của đậu que: tăng cường sức khỏe tim mạch; ngăn ngừa ung thư ruột già và điều trị các vấn đề về dạ dày, ruột; cải thiện sức khỏe xương; tốt cho mắt. Vitamin B12, magie, chất xơ và folate trong đậu que giúp giảm cholesterol, ngừa bệnh cao huyết áp và thúc đẩy lưu thông tuần hoàn máu","Đậu que có thể xào với thịt, luộc chấm kho quẹt",Bảo quản trong ngăn mát tủ lạnh,Bảo quản trong ngăn mát tủ lạnh
21,21,Chứng nhận hữu cơ USDA,Trang trại Cổ Loa,Không rõ,"Mướp nhất là mướp hương là thực phẩm quen thuộc của người Việt. Mướp không chỉ dễ dàng chế biến thành những món ăn ngon như mướp xào lòng gà, mướp nấu canh hến, mướp xào mấm rơm, mướp nấu thịt, canh đậu phộng mướp… mà ăn mướp còn có nhiều tác dụng tốt cho sức khỏe.Có thể nấu canh mướp với móng giò, canh mướp nấu bình thường hoặc đơn giản là mướp đun nước sôi cho thêm một ít muối ăn uống hàng ngày",Bảo quản trong ngăn mát tủ lạnh,3 - 4 ngày tùy điều kiện bảo quản
20,20,Canh tác theo hướng hữu cơ,"Trang trại tại Lạc Dương, Lâm Đồng","Cà chua bi cherry vàng là nguồn cung cấp vitamin A và C tuyệt vời giúp ngăn ngừa bệnh quáng gà và tăng thị lực cho đôi mắt. Các lycopene trong cà chua ngăn chặn quá trình oxy hóa lipid (mỡ) trong huyết thanh, làm giảm các loại mỡ máu có hại như triglyceride và cholesterol tỷ trọng thấp. Cà chua bi cherry ít chất béo và không chứa cholesterol, ngoài ra còn có nhiều chất xơ và nước, do đó sẽ giúp bạn cảm thấy no và ít thèm ăn hơn","Cà chua bi cherry ngọt, dày thịt, nhiều nước rất thích hợp để ăn sống, nướng, làm salad hay xay sinh tố, ép nước...","Cà chua bi cherry ngọt, dày thịt, nhiều nước rất thích hợp để ăn sống, nướng, làm salad hay xay sinh tố, ép nước...",3 - 6 ngày tùy điều kiện bảo quản
19,19,"Canh tác theo hướng hữu cơ - Quá trình canh tác hoàn toàn không sử dụng phân bón hóa học, thuốc diệt cỏ, thuốc bảo vệ thực vật và chất kích thích tăng trưởng","Canh tác theo hướng hữu cơ - Quá trình canh tác hoàn toàn không sử dụng phân bón hóa học, thuốc diệt cỏ, thuốc bảo vệ thực vật và chất kích thích tăng trưởng","Cà chua bi socola socola có lớp vỏ màu nâu bên ngoài giống màu socola, hương vị rất đậm đà và vị ngọt thanh rất đặc biệt. Thích hợp ăn sống, dùng cùng món nướng, salad hay ép nước.
Cà chua socola này chứa hàm lượng chất chống oxy hóa cao hơn các loại khác, có tác dụng hạn chế các bệnh về tim mạch, làm chậm quá trình hình thành các tế bào ung thư trong cơ thể… Là nguồn cung cấp vitamin A và C tuyệt vời giúp ngăn ngừa bệnh quáng gà và tăng thị lực cho đôi mắt. Các lycopene trong cà chua ngăn chặn quá trình oxy hóa lipid (mỡ) trong huyết thanh, làm giảm các loại mỡ máu có hại như triglyceride và cholesterol tỷ trọng thấp. Cà chua socola ít chất béo và không chứa cholesterol, ngoài ra còn có nhiều chất xơ và nước, do đó sẽ giúp bạn cảm thấy no và ít thèm ăn hơn",Không rõ,Bảo quản trong ngăn mát tủ lạnh,3 - 6 ngày tùy điều kiện bảo quản
18,18,Canh tác theo hướng hữu cơ,"Trang trại tại Lạc Dương, Lâm Đồng","Bí đỏ là thực phẩm chứa nhiều chất xơ có tác dụng làm chậm tốc độ hấp thụ đường vào máu, cũng như thúc đẩy nhu động ruột thường xuyên và tiêu hóa trơn tru hơn. Với hàm lượng vitamin, khoáng chất và chất chống oxy hóa cao, bí đỏ hỗ trợ tăng cường hệ thống miễn dịch, bảo vệ thị lực, giảm nguy cơ mắc một số bệnh ung thư và tăng cường sức khỏe của trái tim và làn da","Bí đỏ ngoài nấu canh, súp, còn có thể chế biến các món ăn như bánh bí đỏ, flan bí đỏ, sữa bí đỏ, chè bí đỏ đậu xanh, thạch bí đỏ...",Bảo quản trong ngăn mát tủ lạnh,5 - 7 ngày tùy điều kiện bảo quản
17,17,Canh tác theo hướng hữu cơ,"Trang trại Lạc Dương, Lâm Đồng","Cà chua thường chứa rất nhiều giá trị dinh dưỡng tốt cho sức khỏe như Vitamin C, Vitamin A và đặc biệt loại quả này rất giàu Lycopene. Đây là một chất rất bổ dưỡng có trong cà chua chín. Chúng có vai trò đáng kể trong việc phòng ngừa các bệnh mãn tính như ung thư, bệnh tim mạch, loãng xương và bệnh tiểu đường","Làm Salad, ăn sống",Không rõ,3-6 ngày tùy điều kiện bảo quản
16,16,Được chứng nhận hữu cơ theo tiêu chuẩn USDA,Được chứng nhận hữu cơ theo tiêu chuẩn USDA,"Bổ sung các dưỡng chất thiết yếu cho cơ thể như vitamin C, vitamin B6, biotin, axit folic, chromium, canxi và chất xơ,...","Ngoài dùng để làm gia vị thì hành tím còn được chế biến thành nhiều món ngon như hành ngâm nguyên củ, hành muối xổi,...","Bảo quản nơi khô ráo, thoáng mát",7 đến 10 ngày
15,15,Canh tác theo hướng hữu cơ,"Đơn Dương, Lâm Đồng, Việt Nam","Cà rốt chứa nhiều hợp chất phytochemical, trong đó chủ yếu bao gồm beta-carotene và các carotenoids có khả năng chống ung thư tự nhiên. Vitamin A rất cần thiết cho thị lực và cà rốt chính là nguồn cung cấp vitamin A vô cùng dồi dào. Vitamin A trong cà rốt còn điều chỉnh hoạt động của hệ thống miễn dịch và ngăn ngừa nhiễm trùng. Ngoài ra, thực phẩm này cũng chứa vitamin C – một chất có tác dụng tích cực trong việc tăng sức đề kháng và cải thiện khả năng miễn dịch, giúp cơ thể chống đỡ tốt hơn với bệnh tật","Dùng ép nước, làm nguyên liệu trong các món canh, xào, nướng... hay làm mứt, nhân bánh","Bảo quản trong ngăn mát tủ lạnh, sử dụng trong 4-5 ngày","Bảo quản  mát, sử dụng trong 4-5 ngày"
14,14,"Trang trại Lạc Dương, Lâm Đồng","Trang trại tại Hà Nội, Việt Nam","Ngoài hàm lượng nước cao, khoai tây còn rất giàu carbohydrate và hàm lượng cao protein cũng như chất xơ giúp tiêu hoá dễ. Các vitamin C, vitamin B6, kali, magie, kẽm và photpho có trong khoai tây tốt cho da cũng như cần thiết hằng ngày cho cơ thể, giúp phòng chống cảm lạnh...","Khoai tây có vỏ vàng, da mịn nhẵn, mắt củ nông dễ gọt vỏ hao ít. Ruột củ vàng sáng, bở, mềm ngọt, thơm và không bị khái. Rất thích hợp luộc, xào, nấu, chiên","Bảo quản khoai tây lành mạnh ở nơi khô, tối như tầng hầm, gầm tủ bếp. Sau khi đã chọn lọc các củ khoai tây, đặt chúng ở một nơi không tiếp xúc với ánh sáng và độ ẩm, bởi những thứ này có thể khiến khoai tây mọc mầm hoặc thối rữa. Bạn cũng cần để khoai tây ở nơi thông thoáng",Không rõ
13,13,Canh tác theo hướng hữu cơ,"Trang trại Lạc Dương, Lâm Đồng","Củ dền được canh tác theo hướng hữu cơ. Quá trình canh tác hoàn toàn không sử dụng phân bón hóa học, không thuốc diệt cỏ, không thuốc bảo vệ thực vật và không chất kích thích tăng trưởng.
Củ dền chứa một nguồn folate dồi dào và có lượng sắt, kali, mangan, kali, vitamin C... và chất xơ. Nước ép củ dền thường được dùng để hỗ trợ sức khỏe gan và mắt","Dùng ép nước, nấu canh, trộn salads",Bảo quản trong ngăn mát tủ lạnh,Dùng ngon nhất trong ngày
12,12,Canh tác theo hướng hữu cơ,"Trang trại tại Đức Trọng, Việt Nam","Củ gừng có vị cay và hương thơm đặc biệt, có thể dùng để điều vị thêm hương, là thứ gia vị vô cùng hấp dẫn và không thể thiếu trong cuộc sống.
Gừng sống ngọt, cay nhưng ấm, trong đông y có công dụng tán hàn ôn trung, phát hãn, làm ấm tỳ vị, chống nôn, sát khuẩn, giảm đau, chống viêm, còn có thể thư giãn mao mạch, tăng cường tuần hoàn máu, kích thích dạ dày hỗ trợ tiêu hóa","Củ gừng có vị cay và hương thơm đặc biệt, có thể dùng để điều vị thêm hương, là thứ gia vị vô cùng hấp dẫn và không thể thiếu trong cuộc sống.
Gừng sống ngọt, cay nhưng ấm, trong đông y có công dụng tán hàn ôn trung, phát hãn, làm ấm tỳ vị, chống nôn, sát khuẩn, giảm đau, chống viêm, còn có thể thư giãn mao mạch, tăng cường tuần hoàn máu, kích thích dạ dày hỗ trợ tiêu hóa","Trước khi cho gừng tươi vào tủ lạnh bảo quản, bạn cần bọc củ gừng với một miếng giấy bạc/miếng bọc thực phẩm hoặc quấn khăn vải xung quanh gừng sau đó cho gừng vào túi nilon kín rồi mới đặt vào ngăn mát của tủ lạnh",5- 7 ngày tùy điều kiện bảo quản
11,11,Canh tác theo hướng hữu cơ,Trang trại MaxOrganic,"Trong củ cải đỏ chứa nhiều vitamin như vitamin A, B9, C (có nhiều nhất trong lá củ cải đỏ) và các khoáng chất cần thiết khác như: sắt, axit folic, kali, magie,... Màu củ cải đỏ là do chứa chất beta cyanin. Chất này có khả năng loại bỏ các độc tố có trong gan, giúp giải độc gan và ngăn chặn sự thành của các lớp mô mỡ trong cơ thể. Đồng thời, beta cyanin có trong củ cải đỏ còn rất tốt đối với bệnh tim mạch","Củ cải đỏ thích hợp làm salad, món súp, hầm...",Bảo quản trong ngăn mát tủ lạnh trong vòng 3-4 ngày,Bảo quản lạnh trong vòng 3-4 ngày
10,10,Canh tác theo hướng hữu cơ,"Trang trại tại Đức Trọng, Việt Nam","Nghệ là một trong những gia vị quen thuộc trong nấu ăn. Nghệ có chứa nhiều dưỡng chất, đặc biệt là curcumin – có khả năng kháng viêm, hỗ trợ người bị viêm loét dạ dày và hội chứng ruột kích thích. Chất curcumin có trong nghệ còn ngừa ung thư","Nghệ không chỉ góp phần tạo màu sắc cho món ăn thêm hấp dẫn, mà còn giúp món ăn ngon hơn, đậm đà hơn, giúp khử mùi tanh của cá, lươn...","Nghệ hoàn toàn có thể bảo quản ở nhiệt độ bình thường, nhất là mùa đông, nghệ giữ tươi được khá lâu. Bạn cũng có thể dùng giấy bạc quấn chặt củ gừng và để ở nơi thoáng mát",3 - 6 ngày tùy điều kiện bảo quản
9,9,Canh tác theo hướng hữu cơ,Cao Bằng,"Tỏi có chứa protein, carbohydrates, calo và một số dưỡng chất quan trọng khác như vitamin B, sắt, magie, canxi, kali, mangan, photpho,... Ăn tỏi sống mỗi ngày không chỉ phòng ngừa nguy cơ bị cảm cúm mà còn có công dụng tốt trong việc ngăn ngừa hình thành các mô liên kết và chuyển hóa xương. Những người thường xuyên ăn tỏi sẽ có khả năng hấp thụ canxi tốt hơn và từ đó xương cũng chắc khỏe hơn. Ngoài ra, chất allicin trong tỏi có khả năng loại bỏ các chất độc hại ra khỏi cơ thể và bên cạnh đó tăng cường các tế bào bạch cầu khỏe mạnh","Tỏi thường được dùng làm gia vị cho các món ăn trong nhiều gia đình Việt. Ngoài ra, tỏi còn có thể ngâm dấm hoặc chế biến thành các loại thuốc có ích cho sức khỏe","Bảo quản nơi khô ráo, thoáng mát",Trong 7 đến 10 ngày
8,8,Chứng nhận hữu cơ USDA,Chứng nhận hữu cơ USDA,"Kale được ví là siêu thực phẩm với những công dụng tuyệt vời của nó: ít calo - giúp kiểm soát cân nặng, có đặc tính thanh lọc, giàu vitamin A, K - giúp giảm xơ vữa động mạch, giàu folate - giúp phát triển não bộ, giàu chất xơ, giàu sắt nên có thể thay thế nguồn thịt bò","Cải kale phù hợp với các món nước ép, sinh tố, salad...","Cải kale phù hợp với các món nước ép, sinh tố, salad...",3 - 6 ngày tùy điều kiện bảo quản
7,7,"Canh tác theo hướng hữu cơ - Quá trình canh tác hoàn toàn không sử dụng phân bón hóa học, thuốc diệt cỏ, thuốc bảo vệ thực vật và chất kích thích tăng trưởng",Trang trại MaxOrganic,"Xà lách rocket hay còn gọi là rau arugula có hương vị đặc trưng hăng và cay, rất giàu vitamin A, C và ít calori, hàm lượng chất xơ cao và chất sulfuraphane trong lá giúp chống lại ung thư mạnh mẽ","Xà lách rocket phù hợp cho các món salad, ăn cùng với các món Âu...",Bảo quản trong ngăn mát tủ lạnh,3 - 6 ngày tùy điều kiện bảo quản
6,6,"Canh tác theo hướng hữu cơ - Quá trình canh tác hoàn toàn không sử dụng phân bón hóa học, thuốc diệt cỏ, thuốc bảo vệ thực vật và chất kích thích tăng trưởng","Trang trại Lạc Dương, Lâm Đồng","Bắp cải được ví như ""thần dược của người nghèo"" với những công dụng tuyệt vời của nó: ngăn ngừa quá trình lão hóa, phòng chống loãng xương, ngăn ngừa ung thư, phòng và điều trị bệnh huyết áp cao, làm giảm các cơn đau, cải thiện sức khỏe mắt, cải thiện khả năng tập trung, giảm cân hiệu quả, hỗ trợ chức năng tiêu hóa","Bắp cải được ví như ""thần dược của người nghèo"" với những công dụng tuyệt vời của nó: ngăn ngừa quá trình lão hóa, phòng chống loãng xương, ngăn ngừa ung thư, phòng và điều trị bệnh huyết áp cao, làm giảm các cơn đau, cải thiện sức khỏe mắt, cải thiện khả năng tập trung, giảm cân hiệu quả, hỗ trợ chức năng tiêu hóa",Bảo quản trong ngăn mát tủ lạnh,3 - 6 ngày tùy điều kiện bảo quản
5,5,Chứng nhận hữu cơ USDA,"Trang trại tại Long Thành, Đồng Nai, Việt Nam","Ngoài việc là một món ăn ngon, vị ngọt thanh mát, giàu sắt, rau dền còn là vị thuốc tốt giúp điều trị nhiều bệnh thường gặp. Theo y học cổ truyền, rau dền đỏ có vị ngọt, tính mát, tác dụng thanh nhiệt, làm mát máu, lợi tiểu, sát trùng, trị nhiệt lỵ, huyết nhiệt sinh mụn nhọt,... Rau dền đỏ chứa nhiều protid, glucid, nhiều vitamin và chất khoáng","Rau dền thích hợp luộc, nấu canh tôm hoặc thịt",Bảo quản trong ngăn mát tủ lạnh,3 - 6 ngày tùy điều kiện bảo quản
4,4,"Canh tác theo hướng hữu cơ - Quá trình canh tác hoàn toàn không sử dụng phân bón hóa học, thuốc diệt cỏ, thuốc bảo vệ thực vật và chất kích thích tăng trưởng","Trang trại MaxOrganic, Lâm Đồng, Việt Nam","Bó xôi được ví là ""siêu thực phẩm"" với những công dụng tuyệt vời: giàu sắt, giàu beta-carotene giúp ngăn ngừa bệnh hen suyễn, ngăn ngừa ung thư, giàu vitamin K giúp cải thiện sự hấp thụ canxi và giảm bài tiết canxi qua nước tiểu, mang lại sức sống cho da và tóc nhờ chứa vitamin C và collagen.","Thật dễ dàng để bổ sung bó xôi vào chế độ ăn uống hàng ngày bằng cách nấu súp hoặc trộn salad, làm sinh tố hoặc ép nước...",Bảo quản trong ngăn mát tủ lạnh,2 -3 ngày tùy điều kiện bảo quản
3,3,Canh tác theo hướng hữu cơ,"Trang trại tại Lạc Dương, Lâm Đồng, Việt Nam","Xà lách Romaine giàu Vitamin A, Vitamin K, Vitamin C, Magiê, chất xơ và ít protein. Xà lách Romaine có tác dụng hỗ trợ tiêu hóa và tốt cho gan, giảm nguy cơ mắc bệnh tim mạch, các cơn nhồi máu cơ tim, ung thư, nứt cột sống, thiếu máu, chứng mất ngủ do căng thẳng. Ngoài ra Vitamin C và Beta – Carotene kết hợp với nhau để phòng chống sự oxy hóa","Vị giòn, ngọt, ít mùi hăng giúp cho các món nước uống và món ăn từ xà lách romaine có thể làm hài lòng bất cứ ai. Dùng chung với cà chua bi, củ cải đỏ, ớt chuông, dưa leo và dầu olive, bạn sẽ có ngay một đĩa salad hoàn hảo và đầy đủ chất xơ",Bảo quản trong ngăn mát tủ lạnh,3 - 4 ngày tùy điều kiện bảo quản
2,2,Chứng nhận hữu cơ USDA.,"Trang trại hữu cơ tại Long Thành, Đồng Nai, Việt Nam",Không rõ,"Có thể luộc, xào hay nấu canh cùng mọc heo, thịt xay, cá thác lác...",Bảo quản trong ngăn mát tủ lạnh,2 - 3 ngày tùy điều kiện bảo quản
1,1,Canh tác theo hướng hữu cơ.,"Trang trại tại Lạc Dương, Lâm Đồng, Việt Nam","Không chỉ là loại rau dễ dàng kết hợp với nhiều món ăn, cần tây còn được ví như “cây thuốc quý” đa năng có thể phòng chống nhiều chứng bệnh nguy hiểm, kể cả ung thư. Trong cần tây có lượng canxi, sắt, phốt pho, protid nhiều gấp đôi so với các loại rau khác. Các axít amin tự do, tinh dầu, mannitol, inositol, các loại vitamin trong cần tây hỗ trợ tuần hoàn máu, tăng cường khả năng miễn dịch và bổ não. Những người mắc bệnh thiếu máu, bệnh Hodgkin (Bệnh Hodgkin là một loại ung thư hạch, bệnh ung thư máu bắt đầu trong hệ bạch huyết), các chứng xuất huyết uống nước ép cần tây sẽ rất hiệu quả trong điều trị bệnh, do cần tây chứa nhiều magnesium và sắt. Các chất xơ trong cần tây giúp loại bỏ cholesterol trong máu, cải thiện sức khỏe tim mạch","Mỗi ngày uống một cốc nước ép cần tây sẽ giảm nguy cơ bệnh tật, thanh lọc cơ thể và giữ cân nặng trong tầm kiểm soát. Cần tây cũng thích hợp để xào cùng với mực, hành tây và cà rổt",Bảo quản trong ngăn mát tủ lạnh,3 - 6 ngày tùy điều kiện bảo quản
